"","TargetBC","TBC_count","Entropy"
"1","AACTGAATGTTT",6580,3.9495919627951
"2","AGGCTAATTCCC",4133,3.28199739719403
"3","GTACAAAATAGT",3075,3.78757860017951
"4","GTATAAAGTTTG",10499,1.72436148430455
"5","GTTGAAAGGTGA",5059,3.6209864799416
"6","TAACGAAGATTT",7133,0.685033091705859
"7","TTCACAAATTTA",3048,3.70208872768885
"8","TTGATAACGTGA",4228,1.44513570601597
